Names,Extra Row
Keanu Reeves,as Jack Traven
Dennis Hopper,as Howard Payne
Sandra Bullock,as Annie
Joe Morton,as Capt. McMahon
Jeff Daniels,as Harry
Alan Ruck,as Stephens
Gary Wise,
Dillon Ferrell,
Brooklyn Tran,
Corbin Barnes,
Todd Gibson,
Gary Richmond,
Isai Holmes,
Jessica Ritter,
Tyree Barry,
Reginald Pollard,
Ansley Bridges,
Phillip Dyer,
Jovany Poole,
Jamison Madden,
Valerie Duran,
Maddison Griffin,
Jessie Steele,
Alfonso Hale,
Tyrone Reese,
Joslyn Cox,
Abigail Zhang,
Jameson Mooney,
Kolten Skinner,
Alena Ritter,
Lilly Mann,
Mireya Andrews,
Valentin Pena,
Areli Hendrix,
Dane Beard,
Lillie Landry,
Gunner English,
Adalyn Cuevas,
Paxton Spears,
Samantha Kirk,
Brody Hart,
Tate Smith,
Kelton Craig,
Abdiel Molina,
Jared Guzman,
Ryan Bishop,
Shayla Weiss,
Taniya Richard,
Demetrius Carter,
David Cooley,
Trey Cantu,
Johnny Sharp,
Roberto Zimmerman,
Frances Hardin,
Cassie Lester,
Roman Gay,
Kierra Mason,
Mackenzie Padilla,
Easton Dominguez,
Mia Trevino,
Sidney Deleon,
Davin Dennis,
Macie Schneider,
Carl Lara,
Raven Christensen,
Kristen Rodgers,
Beckham Leach,
Jade Wilcox,
Sincere Cannon,
Mayra Cobb,
Karly Lawson,
Kristopher Lambert,
Gloria Massey,
Haiden Snyder,
Trey Cantu,
Johnny Sharp,
Roberto Zimmerman,
Frances Hardin,
Cassie Lester,
Roman Gay,
Kierra Mason,
Mackenzie Padilla,
Easton Dominguez,
Mia Trevino,
Sidney Deleon,
Davin Dennis,
Macie Schneider,
Carl Lara,
Raven Christensen,
Kristen Rodgers,
Beckham Leach,
Jade Wilcox,
Sincere Cannon,
Mayra Cobb,
Karly Lawson,
Kristopher Lambert,